connect e3/e3;

INSERT INTO TRABAJADORES VALUES ('X00001', 'Alberto', 'Aguilar Domingo','22/12/2018', '21/12/2000');
INSERT INTO TRABAJADORES VALUES ('X00002', 'Vicente', 'Candela Perez','17/05/2018', '11/1/2000');
INSERT INTO TRABAJADORES VALUES ('X00003', 'Xavi', 'Dura Mas','18/5/2018', '15/1/2000');
INSERT INTO TRABAJADORES VALUES ('X00004', 'Lazaro','Ortega','08/12/2016', '25/11/1999');
INSERT INTO TRABAJADORES VALUES ('X00005', 'Manuel','Belmonte', '07/04/1980','12/05/1995');
INSERT INTO TRABAJADORES VALUES ('X00006', 'Juan Luis', 'Garcia Garcia','15/2/2018', '24/04/1991');
INSERT INTO TRABAJADORES VALUES ('X00007', 'Laura','Belmonte Aguilera','08/12/2014', '07/06/1985');
INSERT INTO TRABAJADORES VALUES ('X00008', 'Carlos','Rodriguez Parse','12/05/2016', '07/04/1997');

INSERT INTO CLIENTE VALUES ('74591235B', 'Luis', 'Diaz','luisdiaz@gmail.com', 'Av de Crevillente nº12');
INSERT INTO CLIENTE VALUES ('11111111A', 'Matteo', 'Fechi','matteofechi@gmail.com', 'Av de Candalix nº5');
INSERT INTO CLIENTE VALUES ('22222222F', 'Valentina', 'Fontalvo','valentinafontalvo@gmail.com', 'Av de Segarra nº7');
INSERT INTO CLIENTE VALUES ('33333333R', 'Fran', 'Quiles','franquileso@gmail.com', 'Av Novelda nº4');
INSERT INTO CLIENTE VALUES ('77777777L', 'Aina', 'Caselles','ainacaselles@gmail.com', 'Avenida de Alicante nº8');

INSERT INTO DEMANDANTE VALUES ('56748912Z', 'Samuel');
INSERT INTO DEMANDANTE VALUES ('89562314K', 'Toni');
INSERT INTO DEMANDANTE VALUES ('78451296H', 'Sergio');

INSERT INTO JUEZ VALUES ('44444444B', 'Yolanda', 'Diaz','Ruben Castaño', '00001J');
INSERT INTO JUEZ VALUES ('55555555G', 'Jesuja', 'Rodriguez',NULL, '00002J');
INSERT INTO JUEZ VALUES ('66666666Y', 'Manuel', 'Quesada','Lucia Pardo','00003J');

INSERT INTO TRAPOS_SUCIOS VALUES ('00001T', 'Corrupcion');
INSERT INTO TRAPOS_SUCIOS VALUES ('00002T', 'Asesinato');
INSERT INTO TRAPOS_SUCIOS VALUES ('00003T', 'Malversacion de fondos');
INSERT INTO TRAPOS_SUCIOS VALUES ('00004T', 'Abuso de poder');
INSERT INTO TRAPOS_SUCIOS VALUES ('00005T', 'Ocultacion de pruebas');

INSERT INTO ABOGADOS VALUES ('X00001','L/M/X','C00001');
INSERT INTO ABOGADOS VALUES ('X00002','L/M/J','C00002');
INSERT INTO ABOGADOS VALUES ('X00003','X/J/V','C00003');
INSERT INTO ABOGADOS VALUES ('X00008','L/M/X','C00004');

INSERT INTO ESTUDIANTES VALUES ('X00004','X00001');
INSERT INTO ESTUDIANTES VALUES ('X00005','X00002');
INSERT INTO ESTUDIANTES VALUES ('X00006','X00001');
INSERT INTO ESTUDIANTES VALUES ('X00007','X00001');

INSERT INTO PENAL VALUES (5000,'X00001');
INSERT INTO PENAL VALUES (4000,'X00002');

INSERT INTO CIVIL VALUES ('X00003');
INSERT INTO CIVIL VALUES ('X00002');

INSERT INTO MERCANTIL VALUES (50, 'X00001');
INSERT INTO MERCANTIL VALUES (40, 'X00003');

INSERT INTO EXPEDIENTE VALUES ('Muy Grave','E0001','74591235B');
INSERT INTO EXPEDIENTE VALUES ('Grave','E0002','11111111A');
INSERT INTO EXPEDIENTE VALUES ('Leve','E0003','22222222F');
INSERT INTO EXPEDIENTE VALUES ('Grave','E0004','33333333R');
INSERT INTO EXPEDIENTE VALUES ('Muy Grave','E0005','77777777L');
INSERT INTO EXPEDIENTE VALUES ('Grave','E0006','77777777L');

INSERT INTO ATIENDE VALUES ('X00001', '74591235B', 'E0001');
INSERT INTO ATIENDE VALUES ('X00002', '11111111A', 'E0002');
INSERT INTO ATIENDE VALUES ('X00003', '22222222F', 'E0003');
INSERT INTO ATIENDE VALUES ('X00002', '33333333R', 'E0004');
INSERT INTO ATIENDE VALUES ('X00001', '77777777L', 'E0005');
INSERT INTO ATIENDE VALUES ('X00002', '77777777L', 'E0006');

INSERT INTO VISITAR VALUES ('56748912Z', 'X00001', '74591235B','E0001','30/12/2020');
INSERT INTO VISITAR VALUES ('56748912Z', 'X00002', '11111111A','E0002','29/12/2020');
INSERT INTO VISITAR VALUES ('89562314K', 'X00003', '22222222F','E0003','25/12/2020');
INSERT INTO VISITAR VALUES ('89562314K', 'X00002', '33333333R','E0004','25/12/2020');
INSERT INTO VISITAR VALUES ('78451296H', 'X00001', '77777777L','E0005','23/12/2020');
INSERT INTO VISITAR VALUES ('78451296H', 'X00002', '77777777L','E0006','23/12/2020');
INSERT INTO VISITAR VALUES ('78451296H', 'X00002', '77777777L','E0006','20/12/2020');

INSERT INTO JUICIO VALUES ('44444444B', '56748912Z', 'X00001', '74591235B', 'E0001');
INSERT INTO JUICIO VALUES ('55555555G', '89562314K', 'X00003', '22222222F', 'E0003');
INSERT INTO JUICIO VALUES ('66666666Y', '89562314K', 'X00002', '33333333R', 'E0004');
INSERT INTO JUICIO VALUES ('55555555G', '78451296H', 'X00001', '77777777L', 'E0005');

INSERT INTO OCULTA VALUES ('00001T','44444444B');
INSERT INTO OCULTA VALUES ('00001T','55555555G');
INSERT INTO OCULTA VALUES ('00002T','55555555G');
INSERT INTO OCULTA VALUES ('00003T','66666666Y');
INSERT INTO OCULTA VALUES ('00004T','66666666Y');
INSERT INTO OCULTA VALUES ('00005T','66666666Y');

COMMIT;